Workbook
Name converterReport.php?loco_4528_date_2020_07_21: Sheet1!#REF!
Name ExternalData_1: Sheet1!#REF!
Name ExternalData_1: Sheet2!#REF!
Name ExternalData_1: Sheet3!#REF!
Name ExternalData_10: Sheet1!#REF!
Name ExternalData_10: Sheet2!#REF!
Name ExternalData_10: Sheet3!#REF!
Name ExternalData_100: Sheet1!#REF!
Name ExternalData_100: Sheet2!#REF!
Name ExternalData_100: Sheet3!#REF!
Name ExternalData_1000: Sheet1!#REF!
Name ExternalData_1000: Sheet2!#REF!
Name ExternalData_1000: Sheet3!#REF!
Name ExternalData_1001: Sheet1!#REF!
Name ExternalData_1001: Sheet2!#REF!
Name ExternalData_1001: Sheet3!#REF!
Name ExternalData_1002: Sheet1!#REF!
Name ExternalData_1002: Sheet2!#REF!
Name ExternalData_1002: Sheet3!#REF!
Name ExternalData_1003: Sheet1!#REF!
Name ExternalData_1003: Sheet2!#REF!
Name ExternalData_1003: Sheet3!#REF!
Name ExternalData_1004: Sheet1!#REF!
Name ExternalData_1004: Sheet2!#REF!
Name ExternalData_1004: Sheet3!#REF!
Name ExternalData_1005: Sheet1!#REF!
Name ExternalData_1005: Sheet2!#REF!
Name ExternalData_1005: Sheet3!#REF!
Name ExternalData_1006: Sheet1!#REF!
Name ExternalData_1006: Sheet2!#REF!
Name ExternalData_1006: Sheet3!#REF!
Name ExternalData_1007: Sheet1!#REF!
Name ExternalData_1007: Sheet2!#REF!
Name ExternalData_1007: Sheet3!#REF!
Name ExternalData_1008: Sheet1!#REF!
Name ExternalData_1008: Sheet2!#REF!
Name ExternalData_1008: Sheet3!#REF!
Name ExternalData_1009: Sheet1!#REF!
Name ExternalData_1009: Sheet2!#REF!
Name ExternalData_1009: Sheet3!#REF!
Name ExternalData_101: Sheet1!#REF!
Name ExternalData_101: Sheet2!#REF!
Name ExternalData_101: Sheet3!#REF!
Name ExternalData_1010: Sheet1!#REF!
Name ExternalData_1010: Sheet2!#REF!
Name ExternalData_1010: Sheet3!#REF!
Name ExternalData_1011: Sheet1!#REF!
Name ExternalData_1011: Sheet2!#REF!
Name ExternalData_1011: Sheet3!#REF!
Name ExternalData_1012: Sheet1!#REF!
Name ExternalData_1012: Sheet2!#REF!
Name ExternalData_1012: Sheet3!#REF!
Name ExternalData_1013: Sheet1!#REF!
Name ExternalData_1013: Sheet2!#REF!
Name ExternalData_1013: Sheet3!#REF!
Name ExternalData_1014: Sheet1!#REF!
Name ExternalData_1014: Sheet2!#REF!
Name ExternalData_1014: Sheet3!#REF!
Name ExternalData_1015: Sheet1!#REF!
Name ExternalData_1015: Sheet2!#REF!

Sheet Sheet1
A1: Vehicle | B1: Converter 1_x000D_ (° F) | C1: Converter 2_x000D_ (° F)

Sheet Sheet2
A1: Vehicle | B1: Converter 1_x000D_ (° F) | C1: Converter 2_x000D_ (° F)

Sheet Sheet3
A1: Vehicle | B1: Converter 1_x000D_ (° F) | C1: Converter 2_x000D_ (° F) | DB1: Vehicle | DC1: Converter 1_x000D_ (° F) | DD1: Converter 2_x000D_ (° F)

Sheet Sheet4
A1: Vehicle | B1: Converter 1_x000D_ (° F) | C1: Converter 2_x000D_ (° F)

Sheet ALP TEMPS
A1: ALP-45DP | D1: Converter Temperature Report for: | M1: =NOW() -> 46241.277
A2: VEHICLE | B2: CONVERTER 1 (°F) | C2: CONVERTER 2 (°F)
A3: =Sheet1!A2 -> 0 | B3: =IF(Sheet1!B2 > 0, Sheet1!B2, "NOT REPORTING") -> NOT REPORTING | C3: =IF(Sheet1!C2 > 0, Sheet1!C2, "NOT REPORTING") -> NOT REPORTING | S3: 138 | V3: 4500 | W3: 138 | X3: 143
A4: =Sheet1!A3 -> 0 | B4: =IF(Sheet1!B3 > 0, Sheet1!B3, "NOT REPORTING") -> NOT REPORTING | C4: =IF(Sheet1!C3 > 0, Sheet1!C3, "NOT REPORTING") -> NOT REPORTING | V4: 4501 | W4: 138 | X4: 143
A5: =Sheet1!A4 -> 0 | B5: =IF(Sheet1!B4 > 0, Sheet1!B4, "NOT REPORTING") -> NOT REPORTING | C5: =IF(Sheet1!C4 > 0, Sheet1!C4, "NOT REPORTING") -> NOT REPORTING | V5: 4502 | W5: 138 | X5: 143
A6: =Sheet1!A5 -> 0 | B6: =IF(Sheet1!B5 > 0, Sheet1!B5, "NOT REPORTING") -> NOT REPORTING | C6: =IF(Sheet1!C5 > 0, Sheet1!C5, "NOT REPORTING") -> NOT REPORTING | V6: 4503 | W6: 138 | X6: 143
A7: =Sheet1!A6 -> 0 | B7: =IF(Sheet1!B6 > 0, Sheet1!B6, "NOT REPORTING") -> NOT REPORTING | C7: =IF(Sheet1!C6 > 0, Sheet1!C6, "NOT REPORTING") -> NOT REPORTING | V7: 4504 | W7: 138 | X7: 143
A8: =Sheet1!A7 -> 0 | B8: =IF(Sheet1!B7 > 0, Sheet1!B7, "NOT REPORTING") -> NOT REPORTING | C8: =IF(Sheet1!C7 > 0, Sheet1!C7, "NOT REPORTING") -> NOT REPORTING | V8: 4505 | W8: 138 | X8: 143
A9: =Sheet1!A8 -> 0 | B9: =IF(Sheet1!B8 > 0, Sheet1!B8, "NOT REPORTING") -> NOT REPORTING | C9: =IF(Sheet1!C8 > 0, Sheet1!C8, "NOT REPORTING") -> NOT REPORTING | V9: 4506 | W9: 138 | X9: 143
A10: =Sheet1!A9 -> 0 | B10: =IF(Sheet1!B9 > 0, Sheet1!B9, "NOT REPORTING") -> NOT REPORTING | C10: =IF(Sheet1!C9 > 0, Sheet1!C9, "NOT REPORTING") -> NOT REPORTING | V10: 4507 | W10: 138 | X10: 143
A11: =Sheet1!A10 -> 0 | B11: =IF(Sheet1!B10 > 0, Sheet1!B10, "NOT REPORTING") -> NOT REPORTING | C11: =IF(Sheet1!C10 > 0, Sheet1!C10, "NOT REPORTING") -> NOT REPORTING | V11: 4508 | W11: 138 | X11: 143
A12: =Sheet1!A11 -> 0 | B12: =IF(Sheet1!B11 > 0, Sheet1!B11, "NOT REPORTING") -> NOT REPORTING | C12: =IF(Sheet1!C11 > 0, Sheet1!C11, "NOT REPORTING") -> NOT REPORTING | V12: 4509 | W12: 138 | X12: 143
A13: =Sheet1!A12 -> 0 | B13: =IF(Sheet1!B12 > 0, Sheet1!B12, "NOT REPORTING") -> NOT REPORTING | C13: =IF(Sheet1!C12 > 0, Sheet1!C12, "NOT REPORTING") -> NOT REPORTING | V13: 4510 | W13: 138 | X13: 143
A14: =Sheet1!A13 -> 0 | B14: =IF(Sheet1!B13 > 0, Sheet1!B13, "NOT REPORTING") -> NOT REPORTING | C14: =IF(Sheet1!C13 > 0, Sheet1!C13, "NOT REPORTING") -> NOT REPORTING | V14: 4511 | W14: 138 | X14: 143
A15: =Sheet1!A14 -> 0 | B15: =IF(Sheet1!B14 > 0, Sheet1!B14, "NOT REPORTING") -> NOT REPORTING | C15: =IF(Sheet1!C14 > 0, Sheet1!C14, "NOT REPORTING") -> NOT REPORTING | V15: 4512 | W15: 138 | X15: 143
... A26: =Sheet1!A25 -> 0 | B26: =IF(Sheet1!B25 > 0, Sheet1!B25, "NOT REPORTING") -> NOT REPORTING | C26: =IF(Sheet1!C25 > 0, Sheet1!C25, "NOT REPORTING") -> NOT REPORTING | V26: 4523 | W26: 138 | X26: 143
A27: =Sheet1!A26 -> 0 | B27: =IF(Sheet1!B26 > 0, Sheet1!B26, "NOT REPORTING") -> NOT REPORTING | C27: =IF(Sheet1!C26 > 0, Sheet1!C26, "NOT REPORTING") -> NOT REPORTING | D27: NOTE: | V27: 4524 | W27: 138 | X27: 143
A28: =Sheet1!A27 -> 0 | B28: =IF(Sheet1!B27 > 0, Sheet1!B27, "NOT REPORTING") -> NOT REPORTING | C28: =IF(Sheet1!C27 > 0, Sheet1!C27, "NOT REPORTING") -> NOT REPORTING | E28: - VEHICLES LISTED AS "NOT REPORTING" ARE EITHER SHOPPED OR YARDED WITH NO POWER. | V28: 4525 | W28: 138 | X28: 143
A29: =Sheet1!A28 -> 0 | B29: =IF(Sheet1!B28 > 0, Sheet1!B28, "NOT REPORTING") -> NOT REPORTING | C29: =IF(Sheet1!C28 > 0, Sheet1!C28, "NOT REPORTING") -> NOT REPORTING | V29: 4526 | W29: 138 | X29: 143
A30: =Sheet1!A29 -> 0 | B30: =IF(Sheet1!B29 > 0, Sheet1!B29, "NOT REPORTING") -> NOT REPORTING | C30: =IF(Sheet1!C29 > 0, Sheet1!C29, "NOT REPORTING") -> NOT REPORTING | E30: - THE BUTTONS IN THIS SPREADSHEET HAVE BEEN DISABLED FOR THIS REPORT. DO NOT CLICK THEM. | V30: 4527 | W30: 138 | X30: 143
A31: =Sheet1!A30 -> 0 | B31: =IF(Sheet1!B30 > 0, Sheet1!B30, "NOT REPORTING") -> NOT REPORTING | C31: =IF(Sheet1!C30 > 0, Sheet1!C30, "NOT REPORTING") -> NOT REPORTING | V31: 4528 | W31: 138 | X31: 143
A32: =Sheet1!A31 -> 0 | B32: =IF(Sheet1!B31 > 0, Sheet1!B31, "NOT REPORTING") -> NOT REPORTING | C32: =IF(Sheet1!C31 > 0, Sheet1!C31, "NOT REPORTING") -> NOT REPORTING | V32: 4529 | W32: 138 | X32: 143
A33: =Sheet1!A32 -> 0 | B33: =IF(Sheet1!B32 > 0, Sheet1!B32, "NOT REPORTING") -> NOT REPORTING | C33: =IF(Sheet1!C32 > 0, Sheet1!C32, "NOT REPORTING") -> NOT REPORTING | V33: 4530 | W33: 138 | X33: 143
A34: =Sheet1!A33 -> 0 | B34: =IF(Sheet1!B33 > 0, Sheet1!B33, "NOT REPORTING") -> NOT REPORTING | C34: =IF(Sheet1!C33 > 0, Sheet1!C33, "NOT REPORTING") -> NOT REPORTING | V34: 4531 | W34: 138 | X34: 143
A35: =Sheet1!A34 -> 0 | B35: =IF(Sheet1!B34 > 0, Sheet1!B34, "NOT REPORTING") -> NOT REPORTING | C35: =IF(Sheet1!C34 > 0, Sheet1!C34, "NOT REPORTING") -> NOT REPORTING | V35: 4532 | W35: 138 | X35: 143
A36: =Sheet1!A35 -> 0 | B36: =IF(Sheet1!B35 > 0, Sheet1!B35, "NOT REPORTING") -> NOT REPORTING | C36: =IF(Sheet1!C35 > 0, Sheet1!C35, "NOT REPORTING") -> NOT REPORTING | V36: 4533 | W36: 138 | X36: 143
A37: =Sheet1!A36 -> 0 | B37: =IF(Sheet1!B36 > 0, Sheet1!B36, "NOT REPORTING") -> NOT REPORTING | C37: =IF(Sheet1!C36 > 0, Sheet1!C36, "NOT REPORTING") -> NOT REPORTING | V37: 4534 | W37: 138 | X37: 143
A38: ALP-46 | D38: Converter Temperature Report for 08/05/2026 07:52:52 AM
A39: VEHICLE | B39: CONVERTER 1 (°F) | C39: CONVERTER 2 (°F)
A40: =Sheet2!A2 -> 0 | B40: =IF(Sheet2!B2 > 0, Sheet2!B2, "NOT REPORTING") -> NOT REPORTING | C40: =IF(Sheet2!C2 > 0, Sheet2!C2, "NOT REPORTING") -> NOT REPORTING | V40: 4600 | W40: 138 | X40: 143
A41: =Sheet2!A3 -> 0 | B41: =IF(Sheet2!B3 > 0, Sheet2!B3, "NOT REPORTING") -> NOT REPORTING | C41: =IF(Sheet2!C3 > 0, Sheet2!C3, "NOT REPORTING") -> NOT REPORTING | V41: 4601 | W41: 138 | X41: 143
A42: =Sheet2!A4 -> 0 | B42: =IF(Sheet2!B4 > 0, Sheet2!B4, "NOT REPORTING") -> NOT REPORTING | C42: =IF(Sheet2!C4 > 0, Sheet2!C4, "NOT REPORTING") -> NOT REPORTING | V42: 4602 | W42: 138 | X42: 143
A43: =Sheet2!A5 -> 0 | B43: =IF(Sheet2!B5 > 0, Sheet2!B5, "NOT REPORTING") -> NOT REPORTING | C43: =IF(Sheet2!C5 > 0, Sheet2!C5, "NOT REPORTING") -> NOT REPORTING | V43: 4603 | W43: 138 | X43: 143
A44: =Sheet2!A6 -> 0 | B44: =IF(Sheet2!B6 > 0, Sheet2!B6, "NOT REPORTING") -> NOT REPORTING | C44: =IF(Sheet2!C6 > 0, Sheet2!C6, "NOT REPORTING") -> NOT REPORTING | V44: 4604 | W44: 138 | X44: 143
A45: =Sheet2!A7 -> 0 | B45: =IF(Sheet2!B7 > 0, Sheet2!B7, "NOT REPORTING") -> NOT REPORTING | C45: =IF(Sheet2!C7 > 0, Sheet2!C7, "NOT REPORTING") -> NOT REPORTING | V45: 4605 | W45: 138 | X45: 143
A46: =Sheet2!A8 -> 0 | B46: =IF(Sheet2!B8 > 0, Sheet2!B8, "NOT REPORTING") -> NOT REPORTING | C46: =IF(Sheet2!C8 > 0, Sheet2!C8, "NOT REPORTING") -> NOT REPORTING | V46: 4606 | W46: 138 | X46: 143
A47: =Sheet2!A9 -> 0 | B47: =IF(Sheet2!B9 > 0, Sheet2!B9, "NOT REPORTING") -> NOT REPORTING | C47: =IF(Sheet2!C9 > 0, Sheet2!C9, "NOT REPORTING") -> NOT REPORTING | V47: 4607 | W47: 138 | X47: 143
A48: =Sheet2!A10 -> 0 | B48: =IF(Sheet2!B10 > 0, Sheet2!B10, "NOT REPORTING") -> NOT REPORTING | C48: =IF(Sheet2!C10 > 0, Sheet2!C10, "NOT REPORTING") -> NOT REPORTING | V48: 4608 | W48: 138 | X48: 143
A49: =Sheet2!A11 -> 0 | B49: =IF(Sheet2!B11 > 0, Sheet2!B11, "NOT REPORTING") -> NOT REPORTING | C49: =IF(Sheet2!C11 > 0, Sheet2!C11, "NOT REPORTING") -> NOT REPORTING | V49: 4609 | W49: 138 | X49: 143
A50: =Sheet2!A12 -> 0 | B50: =IF(Sheet2!B12 > 0, Sheet2!B12, "NOT REPORTING") -> NOT REPORTING | C50: =IF(Sheet2!C12 > 0, Sheet2!C12, "NOT REPORTING") -> NOT REPORTING | V50: 4610 | W50: 138 | X50: 143
A51: =Sheet2!A13 -> 0 | B51: =IF(Sheet2!B13 > 0, Sheet2!B13, "NOT REPORTING") -> NOT REPORTING | C51: =IF(Sheet2!C13 > 0, Sheet2!C13, "NOT REPORTING") -> NOT REPORTING | V51: 4611 | W51: 138 | X51: 143
... A62: =Sheet2!A24 -> 0 | B62: =IF(Sheet2!B24 > 0, Sheet2!B24, "NOT REPORTING") -> NOT REPORTING | C62: =IF(Sheet2!C24 > 0, Sheet2!C24, "NOT REPORTING") -> NOT REPORTING | V62: 4622 | W62: 138 | X62: 143
A63: =Sheet2!A25 -> 0 | B63: =IF(Sheet2!B25 > 0, Sheet2!B25, "NOT REPORTING") -> NOT REPORTING | C63: =IF(Sheet2!C25 > 0, Sheet2!C25, "NOT REPORTING") -> NOT REPORTING | D63: NOTE: | V63: 4623 | W63: 138 | X63: 143
A64: =Sheet2!A26 -> 0 | B64: =IF(Sheet2!B26 > 0, Sheet2!B26, "NOT REPORTING") -> NOT REPORTING | C64: =IF(Sheet2!C26 > 0, Sheet2!C26, "NOT REPORTING") -> NOT REPORTING | E64: - VEHICLES LISTED AS "NOT REPORTING" ARE EITHER SHOPPED OR YARDED WITH NO POWER | V64: 4624 | W64: 138 | X64: 143
A65: =Sheet2!A27 -> 0 | B65: =IF(Sheet2!B27 > 0, Sheet2!B27, "NOT REPORTING") -> NOT REPORTING | C65: =IF(Sheet2!C27 > 0, Sheet2!C27, "NOT REPORTING") -> NOT REPORTING | E65: - THE BUTTONS IN THIS SPREADSHEET HAVE BEEN DISABLED FOR THIS REPORT. | V65: 4625 | W65: 138 | X65: 143
A66: =Sheet2!A28 -> 0 | B66: =IF(Sheet2!B28 > 0, Sheet2!B28, "NOT REPORTING") -> NOT REPORTING | C66: =IF(Sheet2!C28 > 0, Sheet2!C28, "NOT REPORTING") -> NOT REPORTING | E66: DO NOT CLICK THEM. | V66: 4626 | W66: 138 | X66: 143
A67: =Sheet2!A29 -> 0 | B67: =IF(Sheet2!B29 > 0, Sheet2!B29, "NOT REPORTING") -> NOT REPORTING | C67: =IF(Sheet2!C29 > 0, Sheet2!C29, "NOT REPORTING") -> NOT REPORTING | F67: AKG Cooling Tower 1 | J67: AKG Cooling Tower 2 | V67: 4627 | W67: 138 | X67: 143
A68: =Sheet2!A30 -> 0 | B68: =IF(Sheet2!B30 > 0, Sheet2!B30, "NOT REPORTING") -> NOT REPORTING | C68: =IF(Sheet2!C30 > 0, Sheet2!C30, "NOT REPORTING") -> NOT REPORTING | V68: 4628 | W68: 138 | X68: 143
A69: ALP-46A | D69: Converter Temperature Report for 08/05/2026 07:52:52 AM
A70: VEHICLE | B70: CONVERTER 1 (°F) | C70: CONVERTER 2 (°F)
A71: =Sheet3!A2 -> 0 | B71: =IF(Sheet3!B2 > 0, Sheet3!B2, "NOT REPORTING") -> NOT REPORTING | C71: =IF(Sheet3!C2 > 0, Sheet3!C2, "NOT REPORTING") -> NOT REPORTING | V71: 4629 | W71: 138 | X71: 143
A72: =Sheet3!A3 -> 0 | B72: =IF(Sheet3!B3 > 0, Sheet3!B3, "NOT REPORTING") -> NOT REPORTING | C72: =IF(Sheet3!C3 > 0, Sheet3!C3, "NOT REPORTING") -> NOT REPORTING | V72: 4630 | W72: 138 | X72: 143
A73: =Sheet3!A4 -> 0 | B73: =IF(Sheet3!B4 > 0, Sheet3!B4, "NOT REPORTING") -> NOT REPORTING | C73: =IF(Sheet3!C4 > 0, Sheet3!C4, "NOT REPORTING") -> NOT REPORTING | V73: 4631 | W73: 138 | X73: 143
A74: =Sheet3!A5 -> 0 | B74: =IF(Sheet3!B5 > 0, Sheet3!B5, "NOT REPORTING") -> NOT REPORTING | C74: =IF(Sheet3!C5 > 0, Sheet3!C5, "NOT REPORTING") -> NOT REPORTING | V74: 4632 | W74: 138 | X74: 143
A75: =Sheet3!A6 -> 0 | B75: =IF(Sheet3!B6 > 0, Sheet3!B6, "NOT REPORTING") -> NOT REPORTING | C75: =IF(Sheet3!C6 > 0, Sheet3!C6, "NOT REPORTING") -> NOT REPORTING | V75: 4633 | W75: 138 | X75: 143
A76: =Sheet3!A7 -> 0 | B76: =IF(Sheet3!B7 > 0, Sheet3!B7, "NOT REPORTING") -> NOT REPORTING | C76: =IF(Sheet3!C7 > 0, Sheet3!C7, "NOT REPORTING") -> NOT REPORTING | V76: 4634 | W76: 138 | X76: 143
A77: =Sheet3!A8 -> 0 | B77: =IF(Sheet3!B8 > 0, Sheet3!B8, "NOT REPORTING") -> NOT REPORTING | C77: =IF(Sheet3!C8 > 0, Sheet3!C8, "NOT REPORTING") -> NOT REPORTING | V77: 4635 | W77: 138 | X77: 143
A78: =Sheet3!A9 -> 0 | B78: =IF(Sheet3!B9 > 0, Sheet3!B9, "NOT REPORTING") -> NOT REPORTING | C78: =IF(Sheet3!C9 > 0, Sheet3!C9, "NOT REPORTING") -> NOT REPORTING | V78: 4636 | W78: 138 | X78: 143
A79: =Sheet3!A10 -> 0 | B79: =IF(Sheet3!B10 > 0, Sheet3!B10, "NOT REPORTING") -> NOT REPORTING | C79: =IF(Sheet3!C10 > 0, Sheet3!C10, "NOT REPORTING") -> NOT REPORTING | V79: 4637 | W79: 138 | X79: 143
A80: =Sheet3!A11 -> 0 | B80: =IF(Sheet3!B11 > 0, Sheet3!B11, "NOT REPORTING") -> NOT REPORTING | C80: =IF(Sheet3!C11 > 0, Sheet3!C11, "NOT REPORTING") -> NOT REPORTING | V80: 4638 | W80: 138 | X80: 143
A81: =Sheet3!A12 -> 0 | B81: =IF(Sheet3!B12 > 0, Sheet3!B12, "NOT REPORTING") -> NOT REPORTING | C81: =IF(Sheet3!C12 > 0, Sheet3!C12, "NOT REPORTING") -> NOT REPORTING | V81: 4639 | W81: 138 | X81: 143
A82: =Sheet3!A13 -> 0 | B82: =IF(Sheet3!B13 > 0, Sheet3!B13, "NOT REPORTING") -> NOT REPORTING | C82: =IF(Sheet3!C13 > 0, Sheet3!C13, "NOT REPORTING") -> NOT REPORTING | V82: 4640 | W82: 138 | X82: 143
... A95: =Sheet3!A26 -> 0 | B95: =IF(Sheet3!B26 > 0, Sheet3!B26, "NOT REPORTING") -> NOT REPORTING | C95: =IF(Sheet3!C26 > 0, Sheet3!C26, "NOT REPORTING") -> NOT REPORTING | V95: 4653 | W95: 138 | X95: 143
A96: =Sheet3!A27 -> 0 | B96: =IF(Sheet3!B27 > 0, Sheet3!B27, "NOT REPORTING") -> NOT REPORTING | C96: =IF(Sheet3!C27 > 0, Sheet3!C27, "NOT REPORTING") -> NOT REPORTING | D96: NOTE: | V96: 4654 | W96: 138 | X96: 143
A97: =Sheet3!A28 -> 0 | B97: =IF(Sheet3!B28 > 0, Sheet3!B28, "NOT REPORTING") -> NOT REPORTING | C97: =IF(Sheet3!C28 > 0, Sheet3!C28, "NOT REPORTING") -> NOT REPORTING | E97: - VEHICLES LISTED AS "NOT REPORTING" ARE EITHER SHOPPED OR YARDED WITH NO POWER. | V97: 4655 | W97: 138 | X97: 143
A98: =Sheet3!A29 -> 0 | B98: =IF(Sheet3!B29 > 0, Sheet3!B29, "NOT REPORTING") -> NOT REPORTING | C98: =IF(Sheet3!C29 > 0, Sheet3!C29, "NOT REPORTING") -> NOT REPORTING | V98: 4656 | W98: 138 | X98: 143
A99: =Sheet3!A30 -> 0 | B99: =IF(Sheet3!B30 > 0, Sheet3!B30, "NOT REPORTING") -> NOT REPORTING | C99: =IF(Sheet3!C30 > 0, Sheet3!C30, "NOT REPORTING") -> NOT REPORTING | E99: - THE BUTTONS IN THIS SPREADSHEET HAVE BEEN DISABLED FOR THIS REPORT. DO NOT CLICK THEM. | V99: 4657 | W99: 138 | X99: 143
A100: =Sheet3!A31 -> 0 | B100: =IF(Sheet3!B31 > 0, Sheet3!B31, "NOT REPORTING") -> NOT REPORTING | C100: =IF(Sheet3!C31 > 0, Sheet3!C31, "NOT REPORTING") -> NOT REPORTING | V100: 4658 | W100: 138 | X100: 143
A101: =Sheet3!A32 -> 0 | B101: =IF(Sheet3!B32 > 0, Sheet3!B32, "NOT REPORTING") -> NOT REPORTING | C101: =IF(Sheet3!C32 > 0, Sheet3!C32, "NOT REPORTING") -> NOT REPORTING | F101: Test cooling towers | V101: 4659 | W101: 138 | X101: 143
A102: =Sheet3!A33 -> 0 | B102: =IF(Sheet3!B33 > 0, Sheet3!B33, "NOT REPORTING") -> NOT REPORTING | C102: =IF(Sheet3!C33 > 0, Sheet3!C33, "NOT REPORTING") -> NOT REPORTING | V102: 4660 | W102: 138 | X102: 143
A103: =Sheet3!A34 -> 0 | B103: =IF(Sheet3!B34 > 0, Sheet3!B34, "NOT REPORTING") -> NOT REPORTING | C103: =IF(Sheet3!C34 > 0, Sheet3!C34, "NOT REPORTING") -> NOT REPORTING | V103: 4661 | W103: 138 | X103: 143
A104: =Sheet3!A35 -> 0 | B104: =IF(Sheet3!B35 > 0, Sheet3!B35, "NOT REPORTING") -> NOT REPORTING | C104: =IF(Sheet3!C35 > 0, Sheet3!C35, "NOT REPORTING") -> NOT REPORTING | V104: 4662 | W104: 138 | X104: 143
A105: =Sheet3!A36 -> 0 | B105: =IF(Sheet3!B36 > 0, Sheet3!B36, "NOT REPORTING") -> NOT REPORTING | C105: =IF(Sheet3!C36 > 0, Sheet3!C36, "NOT REPORTING") -> NOT REPORTING | V105: 4663 | W105: 138 | X105: 143
A106: =Sheet3!A37 -> 0 | B106: =IF(Sheet3!B37 > 0, Sheet3!B37, "NOT REPORTING") -> NOT REPORTING | C106: =IF(Sheet3!C37 > 0, Sheet3!C37, "NOT REPORTING") -> NOT REPORTING | V106: 4664 | W106: 138 | X106: 143
A107: ALP-45A | D107: Converter Temperature Report for 08/05/2026 07:52:52 AM
A108: VEHICLE | B108: CONVERTER 1 (°F) | C108: CONVERTER 2 (°F)
A109: =Sheet4!A2 -> 0 | B109: =IF(Sheet4!B2 > 0, Sheet4!B2, "NOT REPORTING") -> NOT REPORTING | C109: =IF(Sheet4!C2 > 0, Sheet4!C2, "NOT REPORTING") -> NOT REPORTING | V109: 4535
A110: =Sheet4!A3 -> 0 | B110: =IF(Sheet4!B3 > 0, Sheet4!B3, "NOT REPORTING") -> NOT REPORTING | C110: =IF(Sheet4!C3 > 0, Sheet4!C3, "NOT REPORTING") -> NOT REPORTING | V110: 4536
A111: =Sheet4!A4 -> 0 | B111: =IF(Sheet4!B4 > 0, Sheet4!B4, "NOT REPORTING") -> NOT REPORTING | C111: =IF(Sheet4!C4 > 0, Sheet4!C4, "NOT REPORTING") -> NOT REPORTING | V111: 4537
A112: =Sheet4!A5 -> 0 | B112: =IF(Sheet4!B5 > 0, Sheet4!B5, "NOT REPORTING") -> NOT REPORTING | C112: =IF(Sheet4!C5 > 0, Sheet4!C5, "NOT REPORTING") -> NOT REPORTING | V112: 4538
A113: =Sheet4!A6 -> 0 | B113: =IF(Sheet4!B6 > 0, Sheet4!B6, "NOT REPORTING") -> NOT REPORTING | C113: =IF(Sheet4!C6 > 0, Sheet4!C6, "NOT REPORTING") -> NOT REPORTING | V113: 4539
A114: =Sheet4!A7 -> 0 | B114: =IF(Sheet4!B7 > 0, Sheet4!B7, "NOT REPORTING") -> NOT REPORTING | C114: =IF(Sheet4!C7 > 0, Sheet4!C7, "NOT REPORTING") -> NOT REPORTING | V114: 4540
A115: =Sheet4!A8 -> 0 | B115: =IF(Sheet4!B8 > 0, Sheet4!B8, "NOT REPORTING") -> NOT REPORTING | C115: =IF(Sheet4!C8 > 0, Sheet4!C8, "NOT REPORTING") -> NOT REPORTING | V115: 4541
A116: =Sheet4!A9 -> 0 | B116: =IF(Sheet4!B9 > 0, Sheet4!B9, "NOT REPORTING") -> NOT REPORTING | C116: =IF(Sheet4!C9 > 0, Sheet4!C9, "NOT REPORTING") -> NOT REPORTING | V116: 4542
A117: =Sheet4!A10 -> 0 | B117: =IF(Sheet4!B10 > 0, Sheet4!B10, "NOT REPORTING") -> NOT REPORTING | C117: =IF(Sheet4!C10 > 0, Sheet4!C10, "NOT REPORTING") -> NOT REPORTING | V117: 4543
A118: =Sheet4!A11 -> 0 | B118: =IF(Sheet4!B11 > 0, Sheet4!B11, "NOT REPORTING") -> NOT REPORTING | C118: =IF(Sheet4!C11 > 0, Sheet4!C11, "NOT REPORTING") -> NOT REPORTING | V118: 4544
A119: =Sheet4!A12 -> 0 | B119: =IF(Sheet4!B12 > 0, Sheet4!B12, "NOT REPORTING") -> NOT REPORTING | C119: =IF(Sheet4!C12 > 0, Sheet4!C12, "NOT REPORTING") -> NOT REPORTING | V119: 4545
A120: =Sheet4!A13 -> 0 | B120: =IF(Sheet4!B13 > 0, Sheet4!B13, "NOT REPORTING") -> NOT REPORTING | C120: =IF(Sheet4!C13 > 0, Sheet4!C13, "NOT REPORTING") -> NOT REPORTING | V120: 4546
... A126: =Sheet4!A19 -> 0 | B126: =IF(Sheet4!B19 > 0, Sheet4!B19, "NOT REPORTING") -> NOT REPORTING | C126: =IF(Sheet4!C19 > 0, Sheet4!C19, "NOT REPORTING") -> NOT REPORTING | V126: 4552
A127: =Sheet4!A20 -> 0 | B127: =IF(Sheet4!B20 > 0, Sheet4!B20, "NOT REPORTING") -> NOT REPORTING | C127: =IF(Sheet4!C20 > 0, Sheet4!C20, "NOT REPORTING") -> NOT REPORTING | D127: NOTE: | V127: 4553
A128: =Sheet4!A21 -> 0 | B128: =IF(Sheet4!B21 > 0, Sheet4!B21, "NOT REPORTING") -> NOT REPORTING | C128: =IF(Sheet4!C21 > 0, Sheet4!C21, "NOT REPORTING") -> NOT REPORTING | E128: - VEHICLES LISTED AS "NOT REPORTING" ARE EITHER SHOPPED OR YARDED WITH NO POWER. | V128: 4554
A129: =Sheet4!A22 -> 0 | B129: =IF(Sheet4!B22 > 0, Sheet4!B22, "NOT REPORTING") -> NOT REPORTING | C129: =IF(Sheet4!C22 > 0, Sheet4!C22, "NOT REPORTING") -> NOT REPORTING | V129: 4555
A130: =Sheet4!A23 -> 0 | B130: =IF(Sheet4!B23 > 0, Sheet4!B23, "NOT REPORTING") -> NOT REPORTING | C130: =IF(Sheet4!C23 > 0, Sheet4!C23, "NOT REPORTING") -> NOT REPORTING | E130: - THE BUTTONS IN THIS SPREADSHEET HAVE BEEN DISABLED FOR THIS REPORT. DO NOT CLICK THEM. | V130: 4556
A131: =Sheet4!A24 -> 0 | B131: =IF(Sheet4!B24 > 0, Sheet4!B24, "NOT REPORTING") -> NOT REPORTING | C131: =IF(Sheet4!C24 > 0, Sheet4!C24, "NOT REPORTING") -> NOT REPORTING | V131: 4557
A132: =Sheet4!A25 -> 0 | B132: =IF(Sheet4!B25 > 0, Sheet4!B25, "NOT REPORTING") -> NOT REPORTING | C132: =IF(Sheet4!C25 > 0, Sheet4!C25, "NOT REPORTING") -> NOT REPORTING | V132: 4558
A133: =Sheet4!A26 -> 0 | B133: =IF(Sheet4!B26 > 0, Sheet4!B26, "NOT REPORTING") -> NOT REPORTING | C133: =IF(Sheet4!C26 > 0, Sheet4!C26, "NOT REPORTING") -> NOT REPORTING | V133: 4559
